<?xml version="1.0" encoding="UTF-8"?>
<beans xmlns="http://www.springframework.org/schema/beans"
	xmlns:xsi="http://www.w3.org/2001/XMLSchema-instance"
	xmlns:context="http://www.springframework.org/schema/context"
	xmlns:aop="http://www.springframework.org/schema/aop"
	xmlns:tx="http://www.springframework.org/schema/tx"
	xsi:schemaLocation="http://www.springframework.org/schema/beans 
	http://www.springframework.org/schema/beans/spring-beans.xsd
	http://www.springframework.org/schema/context
	http://www.springframework.org/schema/context/spring-context.xsd
	http://www.springframework.org/schema/aop
	http://www.springframework.org/schema/aop/spring-aop.xsd
	http://www.springframework.org/schema/tx
	http://www.springframework.org/schema/tx/spring-tx.xsd">
	<context:component-scan base-package="cn.itcast"></context:component-scan>
	<bean id="categoryAction" class="cn.itcast.action.CategoryAction" scope="prototype"></bean>
	<bean id="categoryService" class="cn.itcast.service.CategoryService"></bean>
	<bean id="categoryDaoImpl" class="cn.itcast.dao.CategoryDaoImpl">
		<property name="sessionFactory" ref="sessionFactory"></property>
	</bean>
</beans>