<?xml version="1.0" encoding="UTF-8"?>
<!DOCTYPE hibernate-mapping PUBLIC 
    "-//Hibernate/Hibernate Mapping DTD 3.0//EN"
    "http://www.hibernate.org/dtd/hibernate-mapping-3.0.dtd">
<hibernate-mapping>
	<class name="cn.itcast.entity.Adm" table="t_adm">
		<id name="id" column="id">
			<generator class="native"></generator>
		</id>
		<property name="name" column="name"></property>
		<property name="password" column="password"></property>
		
	</class>
</hibernate-mapping>





